employee_name,phone_number,email,company
Jennifer Martinez,1891257815,jennifer.martinez@example.com,Elite Services LLC
Jane Martinez,3685932893,jane.martinez@hotmail.com,Tech Innovations
Emily Miller,7672565790,emily.miller@example.com,Smith & Co.
Jessica Jones,0840327552,jessica.jones@hotmail.com,BrightStar Industries
Emily Williams,8453071688,emily.williams@example.com,Pioneer Group
Emily Brown,2060274554,emily.brown@hotmail.com,Johnson Enterprises
Matthew Jones,0852603538,matthew.jones@example.com,Johnson Enterprises
John Martinez,9632270730,john.martinez@outlook.com,Johnson Enterprises
John Davis,1570502886,john.davis@example.com,Smith & Co.
Matthew Rodriguez,0107331025,matthew.rodriguez@yahoo.com,Tech Innovations
John Martinez,7864333446,john.martinez@yahoo.com,Johnson Enterprises
Jennifer Johnson,1883309326,jennifer.johnson@gmail.com,Global Solutions Ltd.
Sarah Jones,9573014421,sarah.jones@yahoo.com,ABC Inc.
David Davis,2552601551,david.davis@example.com,XYZ Corporation
Sarah Smith,3075983857,sarah.smith@gmail.com,Elite Services LLC
David Rodriguez,1366201527,david.rodriguez@example.com,Acme Corporation
Matthew Garcia,3487144005,matthew.garcia@hotmail.com,Smith & Co.
Emily Miller,6898141610,emily.miller@outlook.com,BrightStar Industries
Matthew Williams,5349627276,matthew.williams@hotmail.com,Johnson Enterprises
John Martinez,2858792292,john.martinez@hotmail.com,Acme Corporation
Jessica Rodriguez,0736425394,jessica.rodriguez@hotmail.com,Tech Innovations
Matthew Miller,5053021654,matthew.miller@yahoo.com,BrightStar Industries
Jane Smith,9880099520,jane.smith@yahoo.com,Smith & Co.
John Jones,4023082900,john.jones@gmail.com,Tech Innovations
John Williams,5828495286,john.williams@outlook.com,Tech Innovations
Daniel Jones,4216163211,daniel.jones@hotmail.com,Smith & Co.
Jane Miller,0193000446,jane.miller@yahoo.com,BrightStar Industries
John Smith,6100529221,john.smith@hotmail.com,Elite Services LLC
Emily Garcia,5644673819,emily.garcia@gmail.com,Tech Innovations
John Williams,7590891389,john.williams@example.com,Pioneer Group
Daniel Davis,0285635664,daniel.davis@yahoo.com,BrightStar Industries
Emily Garcia,1409799064,emily.garcia@yahoo.com,Global Solutions Ltd.
Michael Williams,9614517048,michael.williams@yahoo.com,Elite Services LLC
Jane Martinez,2359175308,jane.martinez@outlook.com,BrightStar Industries
Daniel Garcia,7241779764,daniel.garcia@hotmail.com,Elite Services LLC
Sarah Jones,5667285215,sarah.jones@hotmail.com,Elite Services LLC
Jessica Williams,9027913467,jessica.williams@gmail.com,Tech Innovations
Michael Rodriguez,2122039981,michael.rodriguez@gmail.com,Pioneer Group
John Rodriguez,0996454663,john.rodriguez@hotmail.com,Elite Services LLC
Emily Jones,5751518956,emily.jones@example.com,Smith & Co.
Daniel Johnson,5645660736,daniel.johnson@hotmail.com,Johnson Enterprises
Jane Williams,4063512761,jane.williams@gmail.com,Pioneer Group
David Williams,0203455154,david.williams@hotmail.com,Smith & Co.
Jennifer Brown,4653637307,jennifer.brown@hotmail.com,Johnson Enterprises
Daniel Garcia,4628098925,daniel.garcia@yahoo.com,Pioneer Group
John Williams,8796502854,john.williams@example.com,XYZ Corporation
John Miller,3850766534,john.miller@gmail.com,Smith & Co.
Daniel Garcia,2314978061,daniel.garcia@outlook.com,Acme Corporation
Daniel Johnson,8159503060,daniel.johnson@example.com,Global Solutions Ltd.
Emily Garcia,7064540792,emily.garcia@gmail.com,Johnson Enterprises
Matthew Miller,0615197214,matthew.miller@yahoo.com,Tech Innovations
Sarah Jones,7028967226,sarah.jones@hotmail.com,Global Solutions Ltd.
Daniel Martinez,8472507738,daniel.martinez@outlook.com,Global Solutions Ltd.
Michael Brown,9551774755,michael.brown@yahoo.com,Johnson Enterprises
Daniel Garcia,5277940028,daniel.garcia@example.com,Johnson Enterprises
Matthew Martinez,8381081461,matthew.martinez@hotmail.com,ABC Inc.
John Brown,9150352264,john.brown@gmail.com,Tech Innovations
Jennifer Davis,9601327372,jennifer.davis@hotmail.com,Tech Innovations
John Jones,8534406746,john.jones@yahoo.com,ABC Inc.
Daniel Jones,6392077267,daniel.jones@gmail.com,BrightStar Industries
Matthew Williams,9076950681,matthew.williams@yahoo.com,Acme Corporation
Jane Smith,4265042969,jane.smith@example.com,Acme Corporation
John Jones,4735735506,john.jones@hotmail.com,Tech Innovations
Jessica Williams,9911977044,jessica.williams@yahoo.com,XYZ Corporation
Emily Garcia,6436679400,emily.garcia@yahoo.com,Elite Services LLC
Jane Smith,5089127575,jane.smith@gmail.com,Elite Services LLC
Matthew Davis,7356492217,matthew.davis@gmail.com,Johnson Enterprises
Michael Jones,5805077776,michael.jones@hotmail.com,Johnson Enterprises
Daniel Smith,5015061460,daniel.smith@yahoo.com,Pioneer Group
Jennifer Brown,8616149884,jennifer.brown@outlook.com,Johnson Enterprises
Sarah Jones,0480515218,sarah.jones@outlook.com,Tech Innovations
David Smith,3507125670,david.smith@hotmail.com,ABC Inc.
Sarah Williams,6169773946,sarah.williams@hotmail.com,XYZ Corporation
Jane Smith,1427070649,jane.smith@gmail.com,XYZ Corporation
Matthew Martinez,1336026345,matthew.martinez@outlook.com,BrightStar Industries
Jane Johnson,6092814359,jane.johnson@example.com,Elite Services LLC
David Johnson,0808737803,david.johnson@gmail.com,BrightStar Industries
Matthew Martinez,5767487174,matthew.martinez@gmail.com,ABC Inc.
Matthew Williams,8880676920,matthew.williams@gmail.com,XYZ Corporation
John Williams,7706551268,john.williams@outlook.com,Smith & Co.
Sarah Miller,1189476954,sarah.miller@gmail.com,Elite Services LLC
David Johnson,0710274620,david.johnson@yahoo.com,ABC Inc.
Jane Garcia,1972767511,jane.garcia@hotmail.com,Pioneer Group
Daniel Johnson,8266724330,daniel.johnson@gmail.com,Smith & Co.
Matthew Jones,3689540862,matthew.jones@yahoo.com,Acme Corporation
Jennifer Williams,3193372700,jennifer.williams@hotmail.com,BrightStar Industries
Jane Davis,8336820302,jane.davis@outlook.com,Acme Corporation
Jane Miller,1815691762,jane.miller@example.com,Tech Innovations
Jennifer Smith,5471533202,jennifer.smith@gmail.com,Johnson Enterprises
Emily Williams,1377521183,emily.williams@example.com,Tech Innovations
Jessica Brown,4480426501,jessica.brown@outlook.com,BrightStar Industries
Sarah Brown,2436842382,sarah.brown@outlook.com,Global Solutions Ltd.
Daniel Williams,5220059609,daniel.williams@example.com,Elite Services LLC
Jessica Johnson,5496882209,jessica.johnson@example.com,Johnson Enterprises
Jane Smith,3237048264,jane.smith@gmail.com,Tech Innovations
David Smith,0473861562,david.smith@example.com,Pioneer Group
John Davis,1230336040,john.davis@hotmail.com,Acme Corporation
Sarah Smith,4542262339,sarah.smith@outlook.com,Acme Corporation
Michael Rodriguez,9522124173,michael.rodriguez@gmail.com,Johnson Enterprises
John Davis,2468437913,john.davis@hotmail.com,Smith & Co.
Daniel Williams,0618773734,daniel.williams@hotmail.com,Elite Services LLC
Emily Johnson,8399775597,emily.johnson@gmail.com,ABC Inc.
Jennifer Jones,5369642716,jennifer.jones@yahoo.com,XYZ Corporation
Michael Johnson,9161283666,michael.johnson@gmail.com,Pioneer Group
Jessica Garcia,7661159092,jessica.garcia@outlook.com,BrightStar Industries
David Miller,9615603656,david.miller@example.com,BrightStar Industries
Jessica Smith,1043059941,jessica.smith@yahoo.com,Johnson Enterprises
Jane Rodriguez,9060623389,jane.rodriguez@yahoo.com,BrightStar Industries
Michael Garcia,1250723223,michael.garcia@yahoo.com,XYZ Corporation
Matthew Garcia,4027844174,matthew.garcia@yahoo.com,ABC Inc.
David Brown,3852705744,david.brown@outlook.com,Smith & Co.
Emily Miller,7792970248,emily.miller@yahoo.com,Pioneer Group
Jessica Garcia,7008519935,jessica.garcia@example.com,Pioneer Group
Jessica Martinez,2395058513,jessica.martinez@outlook.com,BrightStar Industries
John Smith,5606567251,john.smith@example.com,XYZ Corporation
David Johnson,4379702944,david.johnson@yahoo.com,ABC Inc.
Matthew Johnson,0572237677,matthew.johnson@outlook.com,Smith & Co.
John Johnson,0659556105,john.johnson@outlook.com,BrightStar Industries
Emily Jones,5981393740,emily.jones@outlook.com,Tech Innovations
Jane Jones,1834708057,jane.jones@gmail.com,Smith & Co.
Daniel Johnson,4633456781,daniel.johnson@gmail.com,Elite Services LLC
Sarah Davis,5713274566,sarah.davis@outlook.com,XYZ Corporation
Emily Williams,5276243081,emily.williams@hotmail.com,Global Solutions Ltd.
John Johnson,7256646956,john.johnson@yahoo.com,Tech Innovations
Matthew Miller,9571930081,matthew.miller@gmail.com,Smith & Co.
Michael Brown,6405104005,michael.brown@hotmail.com,Elite Services LLC
Jennifer Garcia,1741060194,jennifer.garcia@hotmail.com,XYZ Corporation
John Brown,6158793801,john.brown@example.com,Tech Innovations
Emily Jones,8294385687,emily.jones@gmail.com,Smith & Co.
David Williams,6299299962,david.williams@yahoo.com,Global Solutions Ltd.
Michael Davis,8745387629,michael.davis@hotmail.com,ABC Inc.
Sarah Johnson,5175954650,sarah.johnson@example.com,Elite Services LLC
Jessica Smith,1900450125,jessica.smith@example.com,ABC Inc.
Jennifer Davis,1600090938,jennifer.davis@yahoo.com,ABC Inc.
John Davis,1699064460,john.davis@yahoo.com,Pioneer Group
John Rodriguez,0494969740,john.rodriguez@outlook.com,Pioneer Group
John Williams,3852175848,john.williams@hotmail.com,Acme Corporation
Michael Miller,2298678134,michael.miller@gmail.com,BrightStar Industries
Michael Garcia,3287427951,michael.garcia@outlook.com,Acme Corporation
Sarah Rodriguez,4489274955,sarah.rodriguez@outlook.com,Acme Corporation
Michael Rodriguez,2194581354,michael.rodriguez@example.com,Johnson Enterprises
Emily Davis,6982464909,emily.davis@gmail.com,Global Solutions Ltd.
Michael Smith,2201238058,michael.smith@yahoo.com,Global Solutions Ltd.
Emily Martinez,6528579025,emily.martinez@example.com,ABC Inc.
David Brown,4227304905,david.brown@hotmail.com,ABC Inc.
Sarah Martinez,6585840780,sarah.martinez@yahoo.com,ABC Inc.
Matthew Smith,6364131321,matthew.smith@example.com,Smith & Co.
David Rodriguez,0721165013,david.rodriguez@outlook.com,Tech Innovations
Jennifer Davis,6540866908,jennifer.davis@hotmail.com,Johnson Enterprises
Michael Brown,9102149739,michael.brown@hotmail.com,Global Solutions Ltd.
David Johnson,3832871627,david.johnson@gmail.com,Acme Corporation
Sarah Brown,5813287081,sarah.brown@outlook.com,Tech Innovations
Sarah Garcia,4387186991,sarah.garcia@outlook.com,Johnson Enterprises
Sarah Garcia,4385633375,sarah.garcia@yahoo.com,BrightStar Industries
Michael Johnson,2676494458,michael.johnson@example.com,Acme Corporation
Jessica Garcia,1672640895,jessica.garcia@yahoo.com,XYZ Corporation
Michael Jones,7656378778,michael.jones@gmail.com,Global Solutions Ltd.
Matthew Jones,2404409479,matthew.jones@hotmail.com,Pioneer Group
Sarah Rodriguez,6428993221,sarah.rodriguez@gmail.com,Johnson Enterprises
Jessica Smith,5122042556,jessica.smith@yahoo.com,Smith & Co.
Emily Rodriguez,5559442531,emily.rodriguez@outlook.com,Acme Corporation
John Martinez,8152483277,john.martinez@outlook.com,Pioneer Group
Michael Brown,9159211612,michael.brown@yahoo.com,Tech Innovations
Jennifer Garcia,5645295244,jennifer.garcia@outlook.com,Global Solutions Ltd.
Jessica Rodriguez,2362780598,jessica.rodriguez@hotmail.com,Global Solutions Ltd.
Sarah Jones,1230025788,sarah.jones@outlook.com,ABC Inc.
John Smith,2343158532,john.smith@yahoo.com,XYZ Corporation
Jennifer Garcia,8929427030,jennifer.garcia@outlook.com,ABC Inc.
Matthew Miller,5524915396,matthew.miller@yahoo.com,Global Solutions Ltd.
Jennifer Davis,3196225166,jennifer.davis@yahoo.com,Tech Innovations
Emily Jones,6871962600,emily.jones@gmail.com,Elite Services LLC
Daniel Smith,2487282650,daniel.smith@outlook.com,Smith & Co.
Jessica Smith,2411863410,jessica.smith@hotmail.com,Smith & Co.
Michael Martinez,6828090126,michael.martinez@example.com,Pioneer Group
Sarah Davis,9465162528,sarah.davis@yahoo.com,Pioneer Group
Emily Brown,0753580703,emily.brown@example.com,XYZ Corporation
Jennifer Davis,6998709367,jennifer.davis@gmail.com,Elite Services LLC
Matthew Williams,1696810498,matthew.williams@gmail.com,Tech Innovations
Jessica Miller,0495934305,jessica.miller@example.com,Pioneer Group
Matthew Martinez,5077175742,matthew.martinez@gmail.com,XYZ Corporation
John Johnson,4546805996,john.johnson@gmail.com,BrightStar Industries
Michael Brown,0083962093,michael.brown@gmail.com,Tech Innovations
David Williams,2912360876,david.williams@example.com,Global Solutions Ltd.
Jessica Jones,3817605832,jessica.jones@outlook.com,Global Solutions Ltd.
Jessica Miller,4250942770,jessica.miller@gmail.com,Smith & Co.
Michael Williams,9137076234,michael.williams@outlook.com,Global Solutions Ltd.
Matthew Rodriguez,9493655668,matthew.rodriguez@gmail.com,Elite Services LLC
Matthew Garcia,5125785354,matthew.garcia@example.com,ABC Inc.
Jessica Johnson,7505431106,jessica.johnson@outlook.com,ABC Inc.
John Johnson,0973631199,john.johnson@outlook.com,BrightStar Industries
Jennifer Jones,7783790198,jennifer.jones@yahoo.com,ABC Inc.
Jessica Davis,1147227575,jessica.davis@outlook.com,BrightStar Industries
Jessica Rodriguez,6724715160,jessica.rodriguez@hotmail.com,XYZ Corporation
Jane Davis,6770409434,jane.davis@outlook.com,Johnson Enterprises
David Miller,2685382064,david.miller@gmail.com,BrightStar Industries
John Jones,8078868781,john.jones@yahoo.com,Pioneer Group
Jennifer Williams,0755321224,jennifer.williams@yahoo.com,Elite Services LLC
Michael Jones,8718899710,michael.jones@hotmail.com,ABC Inc.
Sarah Jones,5708524892,sarah.jones@gmail.com,Smith & Co.
Jessica Smith,5064795615,jessica.smith@outlook.com,XYZ Corporation
Jessica Davis,7177520421,jessica.davis@outlook.com,Johnson Enterprises
Matthew Jones,2898127844,matthew.jones@outlook.com,BrightStar Industries
John Rodriguez,3282841307,john.rodriguez@hotmail.com,Tech Innovations
Emily Williams,3218198078,emily.williams@outlook.com,Tech Innovations
Daniel Miller,0023444914,daniel.miller@outlook.com,Smith & Co.
John Williams,9226627964,john.williams@outlook.com,Elite Services LLC
Jane Williams,6571021947,jane.williams@hotmail.com,BrightStar Industries
Matthew Miller,9469801016,matthew.miller@yahoo.com,XYZ Corporation
Matthew Smith,7012918420,matthew.smith@outlook.com,Smith & Co.
John Johnson,6243344870,john.johnson@yahoo.com,Pioneer Group
Michael Miller,7365171438,michael.miller@hotmail.com,ABC Inc.
Jennifer Williams,0889870391,jennifer.williams@yahoo.com,ABC Inc.
David Miller,2213259804,david.miller@gmail.com,Tech Innovations
John Smith,4956264266,john.smith@yahoo.com,Global Solutions Ltd.
Jessica Martinez,3562351989,jessica.martinez@outlook.com,BrightStar Industries
Jennifer Miller,3573312971,jennifer.miller@outlook.com,Smith & Co.
John Jones,0016874440,john.jones@yahoo.com,Acme Corporation
Jennifer Davis,9356132770,jennifer.davis@gmail.com,Global Solutions Ltd.
Matthew Johnson,9358782378,matthew.johnson@gmail.com,Smith & Co.
Michael Rodriguez,4787871808,michael.rodriguez@gmail.com,Smith & Co.
Michael Miller,9813840646,michael.miller@hotmail.com,Elite Services LLC
Jennifer Williams,5448062101,jennifer.williams@gmail.com,Global Solutions Ltd.
Jane Rodriguez,6849458080,jane.rodriguez@example.com,Pioneer Group
Emily Davis,3857965329,emily.davis@hotmail.com,Acme Corporation
Matthew Johnson,9298890418,matthew.johnson@gmail.com,Elite Services LLC
Sarah Davis,1150106507,sarah.davis@gmail.com,Pioneer Group
John Martinez,3195978072,john.martinez@yahoo.com,BrightStar Industries
Jane Davis,4991701051,jane.davis@outlook.com,XYZ Corporation
John Davis,9611931289,john.davis@outlook.com,Johnson Enterprises
Sarah Brown,8920769111,sarah.brown@hotmail.com,Acme Corporation
Sarah Davis,5749276976,sarah.davis@outlook.com,Acme Corporation
David Miller,2596163963,david.miller@yahoo.com,BrightStar Industries
Jane Miller,1992930257,jane.miller@outlook.com,Tech Innovations
Matthew Williams,4885781877,matthew.williams@yahoo.com,Tech Innovations
Michael Martinez,7006439197,michael.martinez@hotmail.com,ABC Inc.
Jessica Williams,3420227229,jessica.williams@hotmail.com,BrightStar Industries
Michael Davis,0976436947,michael.davis@yahoo.com,Global Solutions Ltd.
David Rodriguez,3938478025,david.rodriguez@example.com,Pioneer Group
Jennifer Miller,9009436599,jennifer.miller@hotmail.com,BrightStar Industries
Matthew Smith,4952543843,matthew.smith@yahoo.com,Global Solutions Ltd.
Jennifer Martinez,7242905904,jennifer.martinez@hotmail.com,Johnson Enterprises
Daniel Davis,4823684778,daniel.davis@hotmail.com,XYZ Corporation
John Williams,9122518396,john.williams@yahoo.com,Johnson Enterprises
Jessica Brown,6157413001,jessica.brown@outlook.com,ABC Inc.
Daniel Williams,3672897490,daniel.williams@hotmail.com,Global Solutions Ltd.
Jessica Jones,0204184323,jessica.jones@outlook.com,BrightStar Industries
Jane Martinez,1368960128,jane.martinez@hotmail.com,Global Solutions Ltd.
Emily Rodriguez,4338009187,emily.rodriguez@yahoo.com,Pioneer Group
David Brown,4016994129,david.brown@example.com,Pioneer Group
Matthew Smith,9835816182,matthew.smith@hotmail.com,Tech Innovations
Matthew Brown,7234358239,matthew.brown@outlook.com,Acme Corporation
Jennifer Brown,4426086480,jennifer.brown@yahoo.com,Global Solutions Ltd.
Matthew Garcia,8263448451,matthew.garcia@example.com,Smith & Co.
Sarah Jones,9565864944,sarah.jones@gmail.com,XYZ Corporation
Michael Johnson,5392027679,michael.johnson@yahoo.com,ABC Inc.
Jennifer Johnson,6640762376,jennifer.johnson@example.com,ABC Inc.
Jennifer Jones,3561892541,jennifer.jones@hotmail.com,Acme Corporation
David Davis,3745160333,david.davis@gmail.com,BrightStar Industries
Sarah Miller,7011383613,sarah.miller@outlook.com,Elite Services LLC
Matthew Garcia,9064097235,matthew.garcia@gmail.com,Johnson Enterprises
Jessica Davis,9971271941,jessica.davis@outlook.com,Global Solutions Ltd.
David Johnson,3415771310,david.johnson@yahoo.com,Elite Services LLC
Jennifer Garcia,4404034043,jennifer.garcia@yahoo.com,Elite Services LLC
John Rodriguez,2078636207,john.rodriguez@gmail.com,ABC Inc.
Jane Johnson,4076846432,jane.johnson@hotmail.com,Smith & Co.
Daniel Brown,7004862838,daniel.brown@yahoo.com,BrightStar Industries
John Johnson,1683413131,john.johnson@yahoo.com,ABC Inc.
John Garcia,5667280690,john.garcia@outlook.com,Acme Corporation
Daniel Smith,9355604541,daniel.smith@outlook.com,Smith & Co.
Michael Davis,4066926444,michael.davis@example.com,ABC Inc.
John Johnson,3202899830,john.johnson@gmail.com,Johnson Enterprises
Michael Martinez,3521025830,michael.martinez@example.com,Global Solutions Ltd.
David Johnson,7243335424,david.johnson@example.com,Elite Services LLC
John Williams,9486988892,john.williams@gmail.com,XYZ Corporation
Daniel Rodriguez,5943082606,daniel.rodriguez@yahoo.com,Elite Services LLC
Emily Martinez,0920465664,emily.martinez@hotmail.com,BrightStar Industries
Michael Davis,0745588257,michael.davis@hotmail.com,ABC Inc.
Emily Martinez,3783412001,emily.martinez@yahoo.com,Elite Services LLC
Emily Miller,9702723317,emily.miller@outlook.com,Acme Corporation
Jessica Brown,0611649222,jessica.brown@gmail.com,Pioneer Group
Emily Davis,7488732800,emily.davis@hotmail.com,Elite Services LLC
Michael Williams,1680056528,michael.williams@example.com,BrightStar Industries
Matthew Williams,2459895946,matthew.williams@example.com,Johnson Enterprises
John Garcia,4289583204,john.garcia@outlook.com,Pioneer Group
Matthew Martinez,0626116865,matthew.martinez@yahoo.com,Acme Corporation
Jennifer Jones,9340901219,jennifer.jones@gmail.com,XYZ Corporation
John Jones,0055336215,john.jones@yahoo.com,XYZ Corporation
Michael Smith,3069191276,michael.smith@example.com,ABC Inc.
Jessica Garcia,7176828469,jessica.garcia@gmail.com,Pioneer Group
David Smith,9902775770,david.smith@example.com,Johnson Enterprises
Matthew Smith,9578871107,matthew.smith@yahoo.com,XYZ Corporation
Jennifer Martinez,3064066841,jennifer.martinez@gmail.com,XYZ Corporation
Sarah Davis,3805096857,sarah.davis@example.com,ABC Inc.
Matthew Smith,2247164398,matthew.smith@yahoo.com,Pioneer Group
Jennifer Jones,2731452316,jennifer.jones@hotmail.com,BrightStar Industries
Jennifer Smith,7397237590,jennifer.smith@outlook.com,XYZ Corporation
Daniel Brown,1810369210,daniel.brown@gmail.com,Global Solutions Ltd.
Emily Garcia,0248763233,emily.garcia@yahoo.com,Johnson Enterprises
Jane Brown,5944632680,jane.brown@gmail.com,Elite Services LLC
Matthew Williams,0897278075,matthew.williams@gmail.com,Elite Services LLC
Sarah Rodriguez,7193941574,sarah.rodriguez@yahoo.com,Acme Corporation
Michael Jones,1209878538,michael.jones@example.com,Smith & Co.
David Rodriguez,0024133664,david.rodriguez@yahoo.com,Elite Services LLC
Sarah Rodriguez,5140173315,sarah.rodriguez@example.com,ABC Inc.
Jane Davis,5936858616,jane.davis@yahoo.com,Global Solutions Ltd.
Jane Miller,3274619366,jane.miller@example.com,Global Solutions Ltd.
Matthew Brown,9554935968,matthew.brown@example.com,Tech Innovations
Jessica Williams,7790528119,jessica.williams@gmail.com,Tech Innovations
Matthew Martinez,8629953971,matthew.martinez@example.com,BrightStar Industries
Michael Rodriguez,5298398305,michael.rodriguez@yahoo.com,ABC Inc.
Jennifer Jones,2367663447,jennifer.jones@gmail.com,Pioneer Group
Emily Martinez,5137271687,emily.martinez@example.com,BrightStar Industries
Sarah Martinez,4584893240,sarah.martinez@gmail.com,Pioneer Group
David Davis,7751009645,david.davis@gmail.com,ABC Inc.
David Martinez,6223569123,david.martinez@yahoo.com,ABC Inc.
Daniel Garcia,2498967633,daniel.garcia@gmail.com,ABC Inc.
Jane Martinez,2586131062,jane.martinez@outlook.com,XYZ Corporation
Emily Miller,4591498673,emily.miller@outlook.com,Global Solutions Ltd.
Michael Williams,0923249612,michael.williams@yahoo.com,Pioneer Group
Daniel Davis,9718956099,daniel.davis@gmail.com,BrightStar Industries
Jane Martinez,4539157196,jane.martinez@yahoo.com,Elite Services LLC
Matthew Rodriguez,1644275587,matthew.rodriguez@outlook.com,Pioneer Group
Sarah Davis,6332914047,sarah.davis@yahoo.com,Tech Innovations
Jane Williams,9351866042,jane.williams@example.com,XYZ Corporation
Jane Brown,6385288211,jane.brown@example.com,Acme Corporation
Jennifer Rodriguez,7395333967,jennifer.rodriguez@hotmail.com,Johnson Enterprises
Matthew Martinez,9605671344,matthew.martinez@yahoo.com,Global Solutions Ltd.
Matthew Smith,1306762059,matthew.smith@gmail.com,Smith & Co.
Daniel Davis,5247724696,daniel.davis@gmail.com,Global Solutions Ltd.
Daniel Martinez,1394996037,daniel.martinez@example.com,Smith & Co.
Jane Martinez,0310448703,jane.martinez@gmail.com,BrightStar Industries
Jessica Brown,5395355852,jessica.brown@gmail.com,ABC Inc.
Sarah Jones,3929909962,sarah.jones@gmail.com,Smith & Co.
David Garcia,5854251490,david.garcia@hotmail.com,BrightStar Industries
Jessica Rodriguez,1020389289,jessica.rodriguez@example.com,Tech Innovations
Jessica Johnson,9557663296,jessica.johnson@example.com,Smith & Co.
Matthew Brown,3852508171,matthew.brown@hotmail.com,Johnson Enterprises
Jessica Jones,1732453048,jessica.jones@gmail.com,XYZ Corporation
Emily Jones,2009960640,emily.jones@hotmail.com,Acme Corporation
Sarah Miller,9353132923,sarah.miller@hotmail.com,Pioneer Group
Emily Brown,3923862608,emily.brown@example.com,Smith & Co.
Daniel Brown,2440112240,daniel.brown@outlook.com,Global Solutions Ltd.
Matthew Brown,4482917311,matthew.brown@yahoo.com,Tech Innovations
Daniel Brown,9121563145,daniel.brown@yahoo.com,Smith & Co.
Daniel Smith,8007794385,daniel.smith@outlook.com,Tech Innovations
Jane Williams,6261007810,jane.williams@hotmail.com,Tech Innovations
Daniel Miller,3898987377,daniel.miller@hotmail.com,Smith & Co.
Jane Martinez,2019955925,jane.martinez@example.com,Elite Services LLC
John Johnson,8968195178,john.johnson@outlook.com,BrightStar Industries
Jessica Smith,0055931890,jessica.smith@outlook.com,Elite Services LLC
Jennifer Garcia,3340971249,jennifer.garcia@yahoo.com,Acme Corporation
Jane Jones,5984435852,jane.jones@gmail.com,Pioneer Group
David Smith,6251288704,david.smith@gmail.com,Global Solutions Ltd.
Emily Rodriguez,5225392276,emily.rodriguez@hotmail.com,Smith & Co.
Jennifer Davis,4371315240,jennifer.davis@example.com,Global Solutions Ltd.
Michael Miller,1471362005,michael.miller@hotmail.com,ABC Inc.
Jessica Davis,5612177620,jessica.davis@outlook.com,ABC Inc.
Daniel Miller,1155913410,daniel.miller@example.com,Pioneer Group
Michael Martinez,7572581277,michael.martinez@gmail.com,Elite Services LLC
Sarah Jones,7172550635,sarah.jones@outlook.com,Acme Corporation
Jessica Rodriguez,7797831780,jessica.rodriguez@hotmail.com,Smith & Co.
Jane Miller,9186605444,jane.miller@outlook.com,Pioneer Group
Matthew Johnson,4738488417,matthew.johnson@outlook.com,Johnson Enterprises
Sarah Rodriguez,4433648123,sarah.rodriguez@outlook.com,Johnson Enterprises
Michael Jones,6192603537,michael.jones@outlook.com,XYZ Corporation
Jennifer Davis,9749557697,jennifer.davis@yahoo.com,ABC Inc.
Jane Garcia,7969539822,jane.garcia@gmail.com,Tech Innovations
Emily Garcia,6132155247,emily.garcia@example.com,Johnson Enterprises
Jane Johnson,0401561602,jane.johnson@outlook.com,Elite Services LLC
Jessica Davis,3240204868,jessica.davis@hotmail.com,Johnson Enterprises
Matthew Williams,4526170474,matthew.williams@example.com,Smith & Co.
Emily Martinez,6120361322,emily.martinez@gmail.com,Johnson Enterprises
David Smith,3807965397,david.smith@example.com,Johnson Enterprises
John Brown,4125148736,john.brown@hotmail.com,Acme Corporation
Daniel Williams,1734229624,daniel.williams@hotmail.com,ABC Inc.
John Davis,0601107420,john.davis@example.com,Tech Innovations
Daniel Martinez,8395457522,daniel.martinez@example.com,ABC Inc.
Matthew Smith,4023272224,matthew.smith@hotmail.com,Smith & Co.
John Miller,8900222450,john.miller@gmail.com,XYZ Corporation
Matthew Jones,6748548307,matthew.jones@hotmail.com,Elite Services LLC
Matthew Brown,3660598131,matthew.brown@example.com,Smith & Co.
John Jones,9939337231,john.jones@hotmail.com,BrightStar Industries
Michael Rodriguez,9292970763,michael.rodriguez@gmail.com,BrightStar Industries
David Garcia,4511858573,david.garcia@yahoo.com,Johnson Enterprises
Jane Rodriguez,0323016546,jane.rodriguez@yahoo.com,Elite Services LLC
Jennifer Jones,7474571883,jennifer.jones@example.com,Acme Corporation
Jane Williams,2080593031,jane.williams@yahoo.com,ABC Inc.
Matthew Rodriguez,2108755211,matthew.rodriguez@example.com,BrightStar Industries
David Brown,5734287994,david.brown@hotmail.com,Elite Services LLC
Daniel Garcia,9470855323,daniel.garcia@example.com,ABC Inc.
Emily Garcia,9136721241,emily.garcia@hotmail.com,Global Solutions Ltd.
Jennifer Davis,6563424116,jennifer.davis@hotmail.com,Pioneer Group
Emily Davis,0002857594,emily.davis@yahoo.com,Smith & Co.
Michael Johnson,7633758412,michael.johnson@example.com,XYZ Corporation
Matthew Brown,0508563505,matthew.brown@hotmail.com,ABC Inc.
Michael Miller,0381413994,michael.miller@gmail.com,Pioneer Group
David Johnson,2196577178,david.johnson@hotmail.com,Tech Innovations
Jennifer Brown,4745713606,jennifer.brown@outlook.com,ABC Inc.
Matthew Smith,9422410312,matthew.smith@outlook.com,BrightStar Industries
Matthew Williams,6581935949,matthew.williams@example.com,BrightStar Industries
Jane Jones,4116429554,jane.jones@yahoo.com,Elite Services LLC
David Rodriguez,2330120528,david.rodriguez@yahoo.com,ABC Inc.
Matthew Rodriguez,6083947802,matthew.rodriguez@hotmail.com,Pioneer Group
Daniel Davis,4024881218,daniel.davis@example.com,Acme Corporation
David Smith,7053452785,david.smith@hotmail.com,Acme Corporation
Jennifer Smith,0228517651,jennifer.smith@yahoo.com,Pioneer Group
Matthew Williams,4779040186,matthew.williams@outlook.com,Tech Innovations
Matthew Brown,0173190212,matthew.brown@gmail.com,ABC Inc.
John Miller,4047458849,john.miller@outlook.com,BrightStar Industries
Sarah Davis,6037679062,sarah.davis@outlook.com,Tech Innovations
Jessica Brown,9052601354,jessica.brown@hotmail.com,Elite Services LLC
David Williams,9866995141,david.williams@hotmail.com,Johnson Enterprises
Michael Johnson,6670167899,michael.johnson@example.com,Pioneer Group
John Davis,5483486294,john.davis@yahoo.com,ABC Inc.
John Brown,8511255020,john.brown@outlook.com,Smith & Co.
Michael Martinez,7376823034,michael.martinez@outlook.com,Tech Innovations
Michael Jones,2923692587,michael.jones@gmail.com,Tech Innovations
John Davis,1262316502,john.davis@hotmail.com,XYZ Corporation
Michael Johnson,5741130093,michael.johnson@gmail.com,Smith & Co.
Jessica Davis,3933734150,jessica.davis@gmail.com,Acme Corporation
Jane Martinez,4555632768,jane.martinez@gmail.com,XYZ Corporation
David Williams,8334972352,david.williams@outlook.com,Johnson Enterprises
Sarah Williams,8113184749,sarah.williams@outlook.com,XYZ Corporation
Michael Jones,6438469801,michael.jones@outlook.com,ABC Inc.
David Brown,2579604295,david.brown@yahoo.com,Acme Corporation
Emily Miller,3910061902,emily.miller@outlook.com,Johnson Enterprises
Michael Rodriguez,9973572038,michael.rodriguez@yahoo.com,Acme Corporation
Sarah Johnson,6889258084,sarah.johnson@gmail.com,ABC Inc.
Jessica Jones,0759317468,jessica.jones@example.com,Tech Innovations
Jessica Garcia,8822272030,jessica.garcia@outlook.com,Tech Innovations
John Rodriguez,2359124889,john.rodriguez@gmail.com,ABC Inc.
Michael Rodriguez,7438698554,michael.rodriguez@gmail.com,ABC Inc.
Emily Johnson,1557475520,emily.johnson@example.com,Tech Innovations
Sarah Garcia,5790798793,sarah.garcia@gmail.com,Pioneer Group
Emily Martinez,0553112117,emily.martinez@example.com,Smith & Co.
Jane Smith,6539642664,jane.smith@hotmail.com,Tech Innovations
Jennifer Davis,2224365220,jennifer.davis@gmail.com,XYZ Corporation
Matthew Johnson,9082597396,matthew.johnson@yahoo.com,Pioneer Group
Daniel Rodriguez,8308974210,daniel.rodriguez@yahoo.com,Global Solutions Ltd.
John Garcia,7167482434,john.garcia@yahoo.com,Acme Corporation
Daniel Williams,5396262441,daniel.williams@outlook.com,XYZ Corporation
Matthew Garcia,4750333344,matthew.garcia@outlook.com,XYZ Corporation
John Davis,4037669466,john.davis@outlook.com,XYZ Corporation
David Jones,3305237911,david.jones@hotmail.com,Smith & Co.
John Davis,9127662667,john.davis@example.com,ABC Inc.
Sarah Davis,0937054769,sarah.davis@outlook.com,BrightStar Industries
Jane Rodriguez,3926930647,jane.rodriguez@gmail.com,Smith & Co.
Matthew Rodriguez,4892589829,matthew.rodriguez@hotmail.com,Pioneer Group
Matthew Garcia,9979484641,matthew.garcia@example.com,Smith & Co.
Emily Williams,9327911292,emily.williams@outlook.com,ABC Inc.
David Miller,2077250663,david.miller@outlook.com,Pioneer Group
John Williams,4392667888,john.williams@gmail.com,Tech Innovations
Daniel Jones,5581840947,daniel.jones@example.com,Global Solutions Ltd.
John Jones,0035950287,john.jones@yahoo.com,Smith & Co.
David Smith,1567161421,david.smith@outlook.com,Johnson Enterprises
Michael Davis,5558561559,michael.davis@yahoo.com,Elite Services LLC
Jane Williams,7637526078,jane.williams@example.com,Acme Corporation
Daniel Miller,2091688148,daniel.miller@example.com,Smith & Co.
Matthew Williams,7703350098,matthew.williams@gmail.com,Pioneer Group
Sarah Miller,3412723408,sarah.miller@outlook.com,ABC Inc.
Matthew Martinez,1456553501,matthew.martinez@gmail.com,BrightStar Industries
Sarah Jones,3626709535,sarah.jones@outlook.com,Tech Innovations
Jessica Garcia,6303713772,jessica.garcia@hotmail.com,Smith & Co.
Daniel Davis,6076318926,daniel.davis@example.com,Pioneer Group
Emily Johnson,3584020881,emily.johnson@example.com,Global Solutions Ltd.
Jessica Garcia,1872408680,jessica.garcia@hotmail.com,BrightStar Industries
David Miller,6116073495,david.miller@yahoo.com,Tech Innovations
Jennifer Brown,3280647018,jennifer.brown@gmail.com,BrightStar Industries
Matthew Smith,8576117942,matthew.smith@gmail.com,BrightStar Industries
Jennifer Johnson,6716584187,jennifer.johnson@yahoo.com,BrightStar Industries
Matthew Johnson,5460987406,matthew.johnson@yahoo.com,Johnson Enterprises
Jane Garcia,8303115571,jane.garcia@example.com,Elite Services LLC
Jane Davis,9529214151,jane.davis@gmail.com,Johnson Enterprises
Sarah Johnson,1966942161,sarah.johnson@outlook.com,ABC Inc.
Emily Johnson,5894933235,emily.johnson@hotmail.com,Johnson Enterprises
Matthew Martinez,9595881346,matthew.martinez@example.com,Acme Corporation
Jennifer Johnson,4929730263,jennifer.johnson@gmail.com,BrightStar Industries
Matthew Martinez,1632795936,matthew.martinez@outlook.com,Elite Services LLC
Emily Jones,6040065469,emily.jones@yahoo.com,Elite Services LLC
Daniel Williams,3355935617,daniel.williams@outlook.com,ABC Inc.
Jane Garcia,8541778026,jane.garcia@yahoo.com,BrightStar Industries
Jane Brown,0792670623,jane.brown@example.com,BrightStar Industries
Emily Williams,6355891356,emily.williams@gmail.com,Tech Innovations
Jessica Williams,9926153429,jessica.williams@yahoo.com,Pioneer Group
Daniel Brown,3760027490,daniel.brown@outlook.com,Pioneer Group
Jane Johnson,2297381217,jane.johnson@yahoo.com,Tech Innovations
Sarah Garcia,5673985078,sarah.garcia@hotmail.com,Johnson Enterprises
Michael Martinez,2942379951,michael.martinez@outlook.com,Global Solutions Ltd.
Jane Brown,7503886968,jane.brown@example.com,Tech Innovations
Jennifer Rodriguez,5103171728,jennifer.rodriguez@example.com,Tech Innovations
Jennifer Miller,3926305514,jennifer.miller@yahoo.com,BrightStar Industries
Jennifer Jones,1564139193,jennifer.jones@gmail.com,Acme Corporation
David Jones,8015002566,david.jones@hotmail.com,Elite Services LLC
John Rodriguez,5680732312,john.rodriguez@gmail.com,BrightStar Industries
Sarah Rodriguez,7466401278,sarah.rodriguez@hotmail.com,XYZ Corporation
David Rodriguez,0979039130,david.rodriguez@example.com,Elite Services LLC
Emily Williams,9845486461,emily.williams@outlook.com,Tech Innovations
Michael Garcia,1330865663,michael.garcia@example.com,Tech Innovations
Michael Garcia,0121435795,michael.garcia@hotmail.com,Johnson Enterprises
Emily Smith,3977582522,emily.smith@outlook.com,Smith & Co.
